{
  "Austin, TX": [
    -97.742806,
    30.268072
  ],
  "Boston, MA": [
    -71.056804,
    42.35888
  ],
  "Canton": [
    -81.376542,
    40.798812
  ],
  "Chicago, IL": [
    -87.632362,
    41.881953
  ],
  "Dallas, TX": [
    -96.799759,
    32.781339
  ],
  "Denver, CO": [
    -104.986109,
    39.741681
  ],
  "Denver, Co": [
    -104.986109,
    39.741681
  ],
  "Indiana": [
    -86.16166,
    39.768602
  ],
  "Los Angeles, CA": [
    -118.254187,
    34.048051
  ],
  "Miami, FL": [
    -80.1919,
    25.773357
  ],
  "Nevada": [
    -94.3579,
    37.839238
  ],
  "New York, NY": [
    -74.005994,
    40.712749
  ],
  "Philadelphia, PA": [
    -75.166853,
    39.952756
  ],
  "Reno, NV": [
    -119.812917,
    39.525781
  ],
  "Seattle, WA": [
    -122.330286,
    47.603243
  ],
  "Texas": [
    -94.916206,
    29.395031
  ],
  "Tucson, AZ": [
    -110.973306,
    32.221297
  ],
  "Victoria": [
    -97.006766,
    28.799402
  ]
}