{
  "Austin, TX": [
    -97.742806,
    30.268072
  ],
  "Dallas, TX": [
    -96.799759,
    32.781339
  ],
  "Denver, CO": [
    -104.986109,
    39.741681
  ],
  "Los Angeles, CA": [
    -118.254187,
    34.048051
  ],
  "Miami, FL": [
    -80.1919,
    25.773357
  ],
  "Nevada": [
    -94.3579,
    37.839238
  ],
  "New York, NY": [
    -74.005994,
    40.712749
  ],
  "Philadelphia, PA": [
    -75.166853,
    39.952756
  ],
  "Seattle, WA": [
    -122.330286,
    47.603243
  ]
}